,Simclins,Category,Processed,Examples
1,urinary_tract_infection,UTI_names,FALSE,"<button type='button' class='btn btn-secondary load' onclick='Shiny.onInputChange(""lastClickId"",this.id);' id='next_examples_for_urinary_tract_infection#0'><i class='icon-left'></i>Examples</button>"
2,uti,UTI_names,FALSE,"<button type='button' class='btn btn-secondary load' onclick='Shiny.onInputChange(""lastClickId"",this.id);' id='next_examples_for_uti#0'><i class='icon-left'></i>Examples</button>"
3,lower_uti,UTI_names,FALSE,"<button type='button' class='btn btn-secondary load' onclick='Shiny.onInputChange(""lastClickId"",this.id);' id='next_examples_for_lower_uti#0'><i class='icon-left'></i>Examples</button>"
4,upper_uti,UTI_names,FALSE,"<button type='button' class='btn btn-secondary load' onclick='Shiny.onInputChange(""lastClickId"",this.id);' id='next_examples_for_upper_uti#0'><i class='icon-left'></i>Examples</button>"
5,urinary_system_infection,UTI_names,FALSE,"<button type='button' class='btn btn-secondary load' onclick='Shiny.onInputChange(""lastClickId"",this.id);' id='next_examples_for_urinary_system_infection#0'><i class='icon-left'></i>Examples</button>"
6,infected_urinary,UTI_names,FALSE,"<button type='button' class='btn btn-secondary load' onclick='Shiny.onInputChange(""lastClickId"",this.id);' id='next_examples_for_infected_urinary#0'><i class='icon-left'></i>Examples</button>"
7,infection_of_urinary_tract,UTI_names,FALSE,"<button type='button' class='btn btn-secondary load' onclick='Shiny.onInputChange(""lastClickId"",this.id);' id='next_examples_for_infection_of_urinary_tract#0'><i class='icon-left'></i>Examples</button>"
8,infection_urinary_tract,UTI_names,FALSE,"<button type='button' class='btn btn-secondary load' onclick='Shiny.onInputChange(""lastClickId"",this.id);' id='next_examples_for_infection_urinary_tract#0'><i class='icon-left'></i>Examples</button>"
9,tract_infection_of_urinary,UTI_names,FALSE,"<button type='button' class='btn btn-secondary load' onclick='Shiny.onInputChange(""lastClickId"",this.id);' id='next_examples_for_tract_infection_of_urinary#0'><i class='icon-left'></i>Examples</button>"
10,tract_infection_urinary,UTI_names,FALSE,"<button type='button' class='btn btn-secondary load' onclick='Shiny.onInputChange(""lastClickId"",this.id);' id='next_examples_for_tract_infection_urinary#0'><i class='icon-left'></i>Examples</button>"
11,tract_infections_urinary,UTI_names,FALSE,"<button type='button' class='btn btn-secondary load' onclick='Shiny.onInputChange(""lastClickId"",this.id);' id='next_examples_for_tract_infections_urinary#0'><i class='icon-left'></i>Examples</button>"
12,urinary_infection,UTI_names,FALSE,"<button type='button' class='btn btn-secondary load' onclick='Shiny.onInputChange(""lastClickId"",this.id);' id='next_examples_for_urinary_infection#0'><i class='icon-left'></i>Examples</button>"
13,urinary_tract_infections,UTI_names,FALSE,"<button type='button' class='btn btn-secondary load' onclick='Shiny.onInputChange(""lastClickId"",this.id);' id='next_examples_for_urinary_tract_infections#0'><i class='icon-left'></i>Examples</button>"
14,urinary_tract_infectious_disease,UTI_names,FALSE,"<button type='button' class='btn btn-secondary load' onclick='Shiny.onInputChange(""lastClickId"",this.id);' id='next_examples_for_urinary_tract_infectious_disease#0'><i class='icon-left'></i>Examples</button>"
15,urinary_tract_infectious_disease_nos,UTI_names,FALSE,"<button type='button' class='btn btn-secondary load' onclick='Shiny.onInputChange(""lastClickId"",this.id);' id='next_examples_for_urinary_tract_infectious_disease_nos#0'><i class='icon-left'></i>Examples</button>"
16,urine_infected,UTI_names,FALSE,"<button type='button' class='btn btn-secondary load' onclick='Shiny.onInputChange(""lastClickId"",this.id);' id='next_examples_for_urine_infected#0'><i class='icon-left'></i>Examples</button>"
17,utis,UTI_names,FALSE,"<button type='button' class='btn btn-secondary load' onclick='Shiny.onInputChange(""lastClickId"",this.id);' id='next_examples_for_utis#0'><i class='icon-left'></i>Examples</button>"
18,bladder_infection,UTI_names,FALSE,"<button type='button' class='btn btn-secondary load' onclick='Shiny.onInputChange(""lastClickId"",this.id);' id='next_examples_for_bladder_infection#0'><i class='icon-left'></i>Examples</button>"
19,bladder_inflammation,UTI_names,FALSE,"<button type='button' class='btn btn-secondary load' onclick='Shiny.onInputChange(""lastClickId"",this.id);' id='next_examples_for_bladder_inflammation#0'><i class='icon-left'></i>Examples</button>"
20,cystalgia,UTI_names,FALSE,"<button type='button' class='btn btn-secondary load' onclick='Shiny.onInputChange(""lastClickId"",this.id);' id='next_examples_for_cystalgia#0'><i class='icon-left'></i>Examples</button>"
21,cystitides,UTI_names,FALSE,"<button type='button' class='btn btn-secondary load' onclick='Shiny.onInputChange(""lastClickId"",this.id);' id='next_examples_for_cystitides#0'><i class='icon-left'></i>Examples</button>"
22,cystitis,UTI_names,FALSE,"<button type='button' class='btn btn-secondary load' onclick='Shiny.onInputChange(""lastClickId"",this.id);' id='next_examples_for_cystitis#0'><i class='icon-left'></i>Examples</button>"
23,cystitis_nos,UTI_names,FALSE,"<button type='button' class='btn btn-secondary load' onclick='Shiny.onInputChange(""lastClickId"",this.id);' id='next_examples_for_cystitis_nos#0'><i class='icon-left'></i>Examples</button>"
24,cystitis_of_the_urinary_bladder,UTI_names,FALSE,"<button type='button' class='btn btn-secondary load' onclick='Shiny.onInputChange(""lastClickId"",this.id);' id='next_examples_for_cystitis_of_the_urinary_bladder#0'><i class='icon-left'></i>Examples</button>"
25,cystitis_unspecified,UTI_names,FALSE,"<button type='button' class='btn btn-secondary load' onclick='Shiny.onInputChange(""lastClickId"",this.id);' id='next_examples_for_cystitis_unspecified#0'><i class='icon-left'></i>Examples</button>"
26,infection_bladder,UTI_names,FALSE,"<button type='button' class='btn btn-secondary load' onclick='Shiny.onInputChange(""lastClickId"",this.id);' id='next_examples_for_infection_bladder#0'><i class='icon-left'></i>Examples</button>"
27,inflammation_bladder,UTI_names,FALSE,"<button type='button' class='btn btn-secondary load' onclick='Shiny.onInputChange(""lastClickId"",this.id);' id='next_examples_for_inflammation_bladder#0'><i class='icon-left'></i>Examples</button>"
28,inflammation_of_bladder,UTI_names,FALSE,"<button type='button' class='btn btn-secondary load' onclick='Shiny.onInputChange(""lastClickId"",this.id);' id='next_examples_for_inflammation_of_bladder#0'><i class='icon-left'></i>Examples</button>"
29,inflammation_of_urinary_bladder,UTI_names,FALSE,"<button type='button' class='btn btn-secondary load' onclick='Shiny.onInputChange(""lastClickId"",this.id);' id='next_examples_for_inflammation_of_urinary_bladder#0'><i class='icon-left'></i>Examples</button>"
30,urinary_bladder_inflamed,UTI_names,FALSE,"<button type='button' class='btn btn-secondary load' onclick='Shiny.onInputChange(""lastClickId"",this.id);' id='next_examples_for_urinary_bladder_inflamed#0'><i class='icon-left'></i>Examples</button>"
31,urinary_bladder_inflammation,UTI_names,FALSE,"<button type='button' class='btn btn-secondary load' onclick='Shiny.onInputChange(""lastClickId"",this.id);' id='next_examples_for_urinary_bladder_inflammation#0'><i class='icon-left'></i>Examples</button>"
32,urocystitis,UTI_names,FALSE,"<button type='button' class='btn btn-secondary load' onclick='Shiny.onInputChange(""lastClickId"",this.id);' id='next_examples_for_urocystitis#0'><i class='icon-left'></i>Examples</button>"
33,pyelonephritis,UTI_names,FALSE,"<button type='button' class='btn btn-secondary load' onclick='Shiny.onInputChange(""lastClickId"",this.id);' id='next_examples_for_pyelonephritis#0'><i class='icon-left'></i>Examples</button>"
34,acute_pyelonephritis,UTI_names,FALSE,"<button type='button' class='btn btn-secondary load' onclick='Shiny.onInputChange(""lastClickId"",this.id);' id='next_examples_for_acute_pyelonephritis#0'><i class='icon-left'></i>Examples</button>"
35,bacterial_infection_of_the_kidney,UTI_names,FALSE,"<button type='button' class='btn btn-secondary load' onclick='Shiny.onInputChange(""lastClickId"",this.id);' id='next_examples_for_bacterial_infection_of_the_kidney#0'><i class='icon-left'></i>Examples</button>"
36,kidney_infection,UTI_names,FALSE,"<button type='button' class='btn btn-secondary load' onclick='Shiny.onInputChange(""lastClickId"",this.id);' id='next_examples_for_kidney_infection#0'><i class='icon-left'></i>Examples</button>"
37,pyelonephritides,UTI_names,FALSE,"<button type='button' class='btn btn-secondary load' onclick='Shiny.onInputChange(""lastClickId"",this.id);' id='next_examples_for_pyelonephritides#0'><i class='icon-left'></i>Examples</button>"
38,pyelonephritis_unspecified,UTI_names,FALSE,"<button type='button' class='btn btn-secondary load' onclick='Shiny.onInputChange(""lastClickId"",this.id);' id='next_examples_for_pyelonephritis_unspecified#0'><i class='icon-left'></i>Examples</button>"
39,urethritis,UTI_names,FALSE,"<button type='button' class='btn btn-secondary load' onclick='Shiny.onInputChange(""lastClickId"",this.id);' id='next_examples_for_urethritis#0'><i class='icon-left'></i>Examples</button>"
40,inflammation_of_urethra,UTI_names,FALSE,"<button type='button' class='btn btn-secondary load' onclick='Shiny.onInputChange(""lastClickId"",this.id);' id='next_examples_for_inflammation_of_urethra#0'><i class='icon-left'></i>Examples</button>"
41,urethral_inflammation,UTI_names,FALSE,"<button type='button' class='btn btn-secondary load' onclick='Shiny.onInputChange(""lastClickId"",this.id);' id='next_examples_for_urethral_inflammation#0'><i class='icon-left'></i>Examples</button>"
42,urethritides,UTI_names,FALSE,"<button type='button' class='btn btn-secondary load' onclick='Shiny.onInputChange(""lastClickId"",this.id);' id='next_examples_for_urethritides#0'><i class='icon-left'></i>Examples</button>"
43,urethritis_non_specific,UTI_names,FALSE,"<button type='button' class='btn btn-secondary load' onclick='Shiny.onInputChange(""lastClickId"",this.id);' id='next_examples_for_urethritis_non_specific#0'><i class='icon-left'></i>Examples</button>"
44,dysuria,UTI_spec_symptom,FALSE,"<button type='button' class='btn btn-secondary load' onclick='Shiny.onInputChange(""lastClickId"",this.id);' id='next_examples_for_dysuria#0'><i class='icon-left'></i>Examples</button>"
45,painful_urination,UTI_spec_symptom,FALSE,"<button type='button' class='btn btn-secondary load' onclick='Shiny.onInputChange(""lastClickId"",this.id);' id='next_examples_for_painful_urination#0'><i class='icon-left'></i>Examples</button>"
46,micturition_painful,UTI_spec_symptom,FALSE,"<button type='button' class='btn btn-secondary load' onclick='Shiny.onInputChange(""lastClickId"",this.id);' id='next_examples_for_micturition_painful#0'><i class='icon-left'></i>Examples</button>"
47,pain_associated_with_micturition,UTI_spec_symptom,FALSE,"<button type='button' class='btn btn-secondary load' onclick='Shiny.onInputChange(""lastClickId"",this.id);' id='next_examples_for_pain_associated_with_micturition#0'><i class='icon-left'></i>Examples</button>"
48,pain_emptying_bladder,UTI_spec_symptom,FALSE,"<button type='button' class='btn btn-secondary load' onclick='Shiny.onInputChange(""lastClickId"",this.id);' id='next_examples_for_pain_emptying_bladder#0'><i class='icon-left'></i>Examples</button>"
49,pain_on_micturition,UTI_spec_symptom,FALSE,"<button type='button' class='btn btn-secondary load' onclick='Shiny.onInputChange(""lastClickId"",this.id);' id='next_examples_for_pain_on_micturition#0'><i class='icon-left'></i>Examples</button>"
50,pain_on_voiding,UTI_spec_symptom,FALSE,"<button type='button' class='btn btn-secondary load' onclick='Shiny.onInputChange(""lastClickId"",this.id);' id='next_examples_for_pain_on_voiding#0'><i class='icon-left'></i>Examples</button>"
51,pain_passing_urine,UTI_spec_symptom,FALSE,"<button type='button' class='btn btn-secondary load' onclick='Shiny.onInputChange(""lastClickId"",this.id);' id='next_examples_for_pain_passing_urine#0'><i class='icon-left'></i>Examples</button>"
52,pain_passing_water,UTI_spec_symptom,FALSE,"<button type='button' class='btn btn-secondary load' onclick='Shiny.onInputChange(""lastClickId"",this.id);' id='next_examples_for_pain_passing_water#0'><i class='icon-left'></i>Examples</button>"
53,pain_with_urination,UTI_spec_symptom,FALSE,"<button type='button' class='btn btn-secondary load' onclick='Shiny.onInputChange(""lastClickId"",this.id);' id='next_examples_for_pain_with_urination#0'><i class='icon-left'></i>Examples</button>"
54,pain_urination,UTI_spec_symptom,FALSE,"<button type='button' class='btn btn-secondary load' onclick='Shiny.onInputChange(""lastClickId"",this.id);' id='next_examples_for_pain_urination#0'><i class='icon-left'></i>Examples</button>"
55,painful_micturition,UTI_spec_symptom,FALSE,"<button type='button' class='btn btn-secondary load' onclick='Shiny.onInputChange(""lastClickId"",this.id);' id='next_examples_for_painful_micturition#0'><i class='icon-left'></i>Examples</button>"
56,painful_micturition_unspecified,UTI_spec_symptom,FALSE,"<button type='button' class='btn btn-secondary load' onclick='Shiny.onInputChange(""lastClickId"",this.id);' id='next_examples_for_painful_micturition_unspecified#0'><i class='icon-left'></i>Examples</button>"
57,painful_or_difficult_urination,UTI_spec_symptom,FALSE,"<button type='button' class='btn btn-secondary load' onclick='Shiny.onInputChange(""lastClickId"",this.id);' id='next_examples_for_painful_or_difficult_urination#0'><i class='icon-left'></i>Examples</button>"
58,painful_urination_nos,UTI_spec_symptom,FALSE,"<button type='button' class='btn btn-secondary load' onclick='Shiny.onInputChange(""lastClickId"",this.id);' id='next_examples_for_painful_urination_nos#0'><i class='icon-left'></i>Examples</button>"
59,passing_water_hurts,UTI_spec_symptom,FALSE,"<button type='button' class='btn btn-secondary load' onclick='Shiny.onInputChange(""lastClickId"",this.id);' id='next_examples_for_passing_water_hurts#0'><i class='icon-left'></i>Examples</button>"
60,urination_pain,UTI_spec_symptom,FALSE,"<button type='button' class='btn btn-secondary load' onclick='Shiny.onInputChange(""lastClickId"",this.id);' id='next_examples_for_urination_pain#0'><i class='icon-left'></i>Examples</button>"
61,urination_painful,UTI_spec_symptom,FALSE,"<button type='button' class='btn btn-secondary load' onclick='Shiny.onInputChange(""lastClickId"",this.id);' id='next_examples_for_urination_painful#0'><i class='icon-left'></i>Examples</button>"
62,voiding_pain,UTI_spec_symptom,FALSE,"<button type='button' class='btn btn-secondary load' onclick='Shiny.onInputChange(""lastClickId"",this.id);' id='next_examples_for_voiding_pain#0'><i class='icon-left'></i>Examples</button>"
63,micturition_pain,UTI_spec_symptom,FALSE,"<button type='button' class='btn btn-secondary load' onclick='Shiny.onInputChange(""lastClickId"",this.id);' id='next_examples_for_micturition_pain#0'><i class='icon-left'></i>Examples</button>"
64,pain_during_urination,UTI_spec_symptom,FALSE,"<button type='button' class='btn btn-secondary load' onclick='Shiny.onInputChange(""lastClickId"",this.id);' id='next_examples_for_pain_during_urination#0'><i class='icon-left'></i>Examples</button>"
65,pain_micturition,UTI_spec_symptom,FALSE,"<button type='button' class='btn btn-secondary load' onclick='Shiny.onInputChange(""lastClickId"",this.id);' id='next_examples_for_pain_micturition#0'><i class='icon-left'></i>Examples</button>"
66,blood_hematuria_urine,UTI_spec_symptom,FALSE,"<button type='button' class='btn btn-secondary load' onclick='Shiny.onInputChange(""lastClickId"",this.id);' id='next_examples_for_blood_hematuria_urine#0'><i class='icon-left'></i>Examples</button>"
67,blood_in_urine,UTI_spec_symptom,FALSE,"<button type='button' class='btn btn-secondary load' onclick='Shiny.onInputChange(""lastClickId"",this.id);' id='next_examples_for_blood_in_urine#0'><i class='icon-left'></i>Examples</button>"
68,blood_urinary,UTI_spec_symptom,FALSE,"<button type='button' class='btn btn-secondary load' onclick='Shiny.onInputChange(""lastClickId"",this.id);' id='next_examples_for_blood_urinary#0'><i class='icon-left'></i>Examples</button>"
69,blood_urine,UTI_spec_symptom,FALSE,"<button type='button' class='btn btn-secondary load' onclick='Shiny.onInputChange(""lastClickId"",this.id);' id='next_examples_for_blood_urine#0'><i class='icon-left'></i>Examples</button>"
70,haematuria,UTI_spec_symptom,FALSE,"<button type='button' class='btn btn-secondary load' onclick='Shiny.onInputChange(""lastClickId"",this.id);' id='next_examples_for_haematuria#0'><i class='icon-left'></i>Examples</button>"
71,haematuria_syndrome,UTI_spec_symptom,FALSE,"<button type='button' class='btn btn-secondary load' onclick='Shiny.onInputChange(""lastClickId"",this.id);' id='next_examples_for_haematuria_syndrome#0'><i class='icon-left'></i>Examples</button>"
72,hematuria,UTI_spec_symptom,FALSE,"<button type='button' class='btn btn-secondary load' onclick='Shiny.onInputChange(""lastClickId"",this.id);' id='next_examples_for_hematuria#0'><i class='icon-left'></i>Examples</button>"
73,hematuria_syndrome,UTI_spec_symptom,FALSE,"<button type='button' class='btn btn-secondary load' onclick='Shiny.onInputChange(""lastClickId"",this.id);' id='next_examples_for_hematuria_syndrome#0'><i class='icon-left'></i>Examples</button>"
74,hematuria_unspecified,UTI_spec_symptom,FALSE,"<button type='button' class='btn btn-secondary load' onclick='Shiny.onInputChange(""lastClickId"",this.id);' id='next_examples_for_hematuria_unspecified#0'><i class='icon-left'></i>Examples</button>"
75,hematuria_urine_blood,UTI_spec_symptom,FALSE,"<button type='button' class='btn btn-secondary load' onclick='Shiny.onInputChange(""lastClickId"",this.id);' id='next_examples_for_hematuria_urine_blood#0'><i class='icon-left'></i>Examples</button>"
76,hematurias,UTI_spec_symptom,FALSE,"<button type='button' class='btn btn-secondary load' onclick='Shiny.onInputChange(""lastClickId"",this.id);' id='next_examples_for_hematurias#0'><i class='icon-left'></i>Examples</button>"
77,syndrome_hematuria,UTI_spec_symptom,FALSE,"<button type='button' class='btn btn-secondary load' onclick='Shiny.onInputChange(""lastClickId"",this.id);' id='next_examples_for_syndrome_hematuria#0'><i class='icon-left'></i>Examples</button>"
78,unspecified_haematuria,UTI_spec_symptom,FALSE,"<button type='button' class='btn btn-secondary load' onclick='Shiny.onInputChange(""lastClickId"",this.id);' id='next_examples_for_unspecified_haematuria#0'><i class='icon-left'></i>Examples</button>"
79,unspecified_hematuria,UTI_spec_symptom,FALSE,"<button type='button' class='btn btn-secondary load' onclick='Shiny.onInputChange(""lastClickId"",this.id);' id='next_examples_for_unspecified_hematuria#0'><i class='icon-left'></i>Examples</button>"
80,urine_blood,UTI_spec_symptom,FALSE,"<button type='button' class='btn btn-secondary load' onclick='Shiny.onInputChange(""lastClickId"",this.id);' id='next_examples_for_urine_blood#0'><i class='icon-left'></i>Examples</button>"
81,frequency_urinary,UTI_spec_symptom,FALSE,"<button type='button' class='btn btn-secondary load' onclick='Shiny.onInputChange(""lastClickId"",this.id);' id='next_examples_for_frequency_urinary#0'><i class='icon-left'></i>Examples</button>"
82,fom,UTI_spec_symptom,FALSE,"<button type='button' class='btn btn-secondary load' onclick='Shiny.onInputChange(""lastClickId"",this.id);' id='next_examples_for_fom#0'><i class='icon-left'></i>Examples</button>"
83,finding_of_frequency_of_urination,UTI_spec_symptom,FALSE,"<button type='button' class='btn btn-secondary load' onclick='Shiny.onInputChange(""lastClickId"",this.id);' id='next_examples_for_finding_of_frequency_of_urination#0'><i class='icon-left'></i>Examples</button>"
84,frequency_of_micturition,UTI_spec_symptom,FALSE,"<button type='button' class='btn btn-secondary load' onclick='Shiny.onInputChange(""lastClickId"",this.id);' id='next_examples_for_frequency_of_micturition#0'><i class='icon-left'></i>Examples</button>"
85,frequency_of_urination,UTI_spec_symptom,FALSE,"<button type='button' class='btn btn-secondary load' onclick='Shiny.onInputChange(""lastClickId"",this.id);' id='next_examples_for_frequency_of_urination#0'><i class='icon-left'></i>Examples</button>"
86,frequency_micturition,UTI_spec_symptom,FALSE,"<button type='button' class='btn btn-secondary load' onclick='Shiny.onInputChange(""lastClickId"",this.id);' id='next_examples_for_frequency_micturition#0'><i class='icon-left'></i>Examples</button>"
87,frequent_urination,UTI_spec_symptom,FALSE,"<button type='button' class='btn btn-secondary load' onclick='Shiny.onInputChange(""lastClickId"",this.id);' id='next_examples_for_frequent_urination#0'><i class='icon-left'></i>Examples</button>"
88,increased_frequency_of_micturition,UTI_spec_symptom,FALSE,"<button type='button' class='btn btn-secondary load' onclick='Shiny.onInputChange(""lastClickId"",this.id);' id='next_examples_for_increased_frequency_of_micturition#0'><i class='icon-left'></i>Examples</button>"
89,increased_frequency_of_urination,UTI_spec_symptom,FALSE,"<button type='button' class='btn btn-secondary load' onclick='Shiny.onInputChange(""lastClickId"",this.id);' id='next_examples_for_increased_frequency_of_urination#0'><i class='icon-left'></i>Examples</button>"
90,increased_urinary_frequency,UTI_spec_symptom,FALSE,"<button type='button' class='btn btn-secondary load' onclick='Shiny.onInputChange(""lastClickId"",this.id);' id='next_examples_for_increased_urinary_frequency#0'><i class='icon-left'></i>Examples</button>"
91,mictruition_frequent,UTI_spec_symptom,FALSE,"<button type='button' class='btn btn-secondary load' onclick='Shiny.onInputChange(""lastClickId"",this.id);' id='next_examples_for_mictruition_frequent#0'><i class='icon-left'></i>Examples</button>"
92,micturition_frequency,UTI_spec_symptom,FALSE,"<button type='button' class='btn btn-secondary load' onclick='Shiny.onInputChange(""lastClickId"",this.id);' id='next_examples_for_micturition_frequency#0'><i class='icon-left'></i>Examples</button>"
93,micturition_frequency_increased,UTI_spec_symptom,FALSE,"<button type='button' class='btn btn-secondary load' onclick='Shiny.onInputChange(""lastClickId"",this.id);' id='next_examples_for_micturition_frequency_increased#0'><i class='icon-left'></i>Examples</button>"
94,observation_of_frequency_of_urination,UTI_spec_symptom,FALSE,"<button type='button' class='btn btn-secondary load' onclick='Shiny.onInputChange(""lastClickId"",this.id);' id='next_examples_for_observation_of_frequency_of_urination#0'><i class='icon-left'></i>Examples</button>"
95,passes_water_too_often,UTI_spec_symptom,FALSE,"<button type='button' class='btn btn-secondary load' onclick='Shiny.onInputChange(""lastClickId"",this.id);' id='next_examples_for_passes_water_too_often#0'><i class='icon-left'></i>Examples</button>"
96,periodicity_of_micturition,UTI_spec_symptom,FALSE,"<button type='button' class='btn btn-secondary load' onclick='Shiny.onInputChange(""lastClickId"",this.id);' id='next_examples_for_periodicity_of_micturition#0'><i class='icon-left'></i>Examples</button>"
97,urinary_frequency,UTI_spec_symptom,FALSE,"<button type='button' class='btn btn-secondary load' onclick='Shiny.onInputChange(""lastClickId"",this.id);' id='next_examples_for_urinary_frequency#0'><i class='icon-left'></i>Examples</button>"
98,urination_frequency_of,UTI_spec_symptom,FALSE,"<button type='button' class='btn btn-secondary load' onclick='Shiny.onInputChange(""lastClickId"",this.id);' id='next_examples_for_urination_frequency_of#0'><i class='icon-left'></i>Examples</button>"
99,urination_frequency,UTI_spec_symptom,FALSE,"<button type='button' class='btn btn-secondary load' onclick='Shiny.onInputChange(""lastClickId"",this.id);' id='next_examples_for_urination_frequency#0'><i class='icon-left'></i>Examples</button>"
100,frequency_increased_urination,UTI_spec_symptom,FALSE,"<button type='button' class='btn btn-secondary load' onclick='Shiny.onInputChange(""lastClickId"",this.id);' id='next_examples_for_frequency_increased_urination#0'><i class='icon-left'></i>Examples</button>"
101,frequency_urination,UTI_spec_symptom,FALSE,"<button type='button' class='btn btn-secondary load' onclick='Shiny.onInputChange(""lastClickId"",this.id);' id='next_examples_for_frequency_urination#0'><i class='icon-left'></i>Examples</button>"
102,frequent_micturition,UTI_spec_symptom,FALSE,"<button type='button' class='btn btn-secondary load' onclick='Shiny.onInputChange(""lastClickId"",this.id);' id='next_examples_for_frequent_micturition#0'><i class='icon-left'></i>Examples</button>"
103,increase_in_urinary_frequency,UTI_spec_symptom,FALSE,"<button type='button' class='btn btn-secondary load' onclick='Shiny.onInputChange(""lastClickId"",this.id);' id='next_examples_for_increase_in_urinary_frequency#0'><i class='icon-left'></i>Examples</button>"
104,increased_frequency_urination,UTI_spec_symptom,FALSE,"<button type='button' class='btn btn-secondary load' onclick='Shiny.onInputChange(""lastClickId"",this.id);' id='next_examples_for_increased_frequency_urination#0'><i class='icon-left'></i>Examples</button>"
105,urinary_frequency_increased,UTI_spec_symptom,FALSE,"<button type='button' class='btn btn-secondary load' onclick='Shiny.onInputChange(""lastClickId"",this.id);' id='next_examples_for_urinary_frequency_increased#0'><i class='icon-left'></i>Examples</button>"
106,frequent_urgent_urination,UTI_spec_symptom,FALSE,"<button type='button' class='btn btn-secondary load' onclick='Shiny.onInputChange(""lastClickId"",this.id);' id='next_examples_for_frequent_urgent_urination#0'><i class='icon-left'></i>Examples</button>"
107,mictruition_urgent,UTI_spec_symptom,FALSE,"<button type='button' class='btn btn-secondary load' onclick='Shiny.onInputChange(""lastClickId"",this.id);' id='next_examples_for_mictruition_urgent#0'><i class='icon-left'></i>Examples</button>"
108,micturition_urgency,UTI_spec_symptom,FALSE,"<button type='button' class='btn btn-secondary load' onclick='Shiny.onInputChange(""lastClickId"",this.id);' id='next_examples_for_micturition_urgency#0'><i class='icon-left'></i>Examples</button>"
109,micturation_urgency,UTI_spec_symptom,FALSE,"<button type='button' class='btn btn-secondary load' onclick='Shiny.onInputChange(""lastClickId"",this.id);' id='next_examples_for_micturation_urgency#0'><i class='icon-left'></i>Examples</button>"
110,must_hurry_to_pass_urine,UTI_spec_symptom,FALSE,"<button type='button' class='btn btn-secondary load' onclick='Shiny.onInputChange(""lastClickId"",this.id);' id='next_examples_for_must_hurry_to_pass_urine#0'><i class='icon-left'></i>Examples</button>"
111,precipitancy_of_micturition,UTI_spec_symptom,FALSE,"<button type='button' class='btn btn-secondary load' onclick='Shiny.onInputChange(""lastClickId"",this.id);' id='next_examples_for_precipitancy_of_micturition#0'><i class='icon-left'></i>Examples</button>"
112,precipitancy_of_urine,UTI_spec_symptom,FALSE,"<button type='button' class='btn btn-secondary load' onclick='Shiny.onInputChange(""lastClickId"",this.id);' id='next_examples_for_precipitancy_of_urine#0'><i class='icon-left'></i>Examples</button>"
113,urgency_urination,UTI_spec_symptom,FALSE,"<button type='button' class='btn btn-secondary load' onclick='Shiny.onInputChange(""lastClickId"",this.id);' id='next_examples_for_urgency_urination#0'><i class='icon-left'></i>Examples</button>"
114,urinary_urgency,UTI_spec_symptom,FALSE,"<button type='button' class='btn btn-secondary load' onclick='Shiny.onInputChange(""lastClickId"",this.id);' id='next_examples_for_urinary_urgency#0'><i class='icon-left'></i>Examples</button>"
115,urination_urgency_of,UTI_spec_symptom,FALSE,"<button type='button' class='btn btn-secondary load' onclick='Shiny.onInputChange(""lastClickId"",this.id);' id='next_examples_for_urination_urgency_of#0'><i class='icon-left'></i>Examples</button>"
116,urgency_of_mict,UTI_spec_symptom,FALSE,"<button type='button' class='btn btn-secondary load' onclick='Shiny.onInputChange(""lastClickId"",this.id);' id='next_examples_for_urgency_of_mict#0'><i class='icon-left'></i>Examples</button>"
117,urgency_of_micturition,UTI_spec_symptom,FALSE,"<button type='button' class='btn btn-secondary load' onclick='Shiny.onInputChange(""lastClickId"",this.id);' id='next_examples_for_urgency_of_micturition#0'><i class='icon-left'></i>Examples</button>"
118,urgency_of_urination,UTI_spec_symptom,FALSE,"<button type='button' class='btn btn-secondary load' onclick='Shiny.onInputChange(""lastClickId"",this.id);' id='next_examples_for_urgency_of_urination#0'><i class='icon-left'></i>Examples</button>"
119,urgency_to_micturate,UTI_spec_symptom,FALSE,"<button type='button' class='btn btn-secondary load' onclick='Shiny.onInputChange(""lastClickId"",this.id);' id='next_examples_for_urgency_to_micturate#0'><i class='icon-left'></i>Examples</button>"
120,urgency_to_pass_urine,UTI_spec_symptom,FALSE,"<button type='button' class='btn btn-secondary load' onclick='Shiny.onInputChange(""lastClickId"",this.id);' id='next_examples_for_urgency_to_pass_urine#0'><i class='icon-left'></i>Examples</button>"
121,urgency_with_urination,UTI_spec_symptom,FALSE,"<button type='button' class='btn btn-secondary load' onclick='Shiny.onInputChange(""lastClickId"",this.id);' id='next_examples_for_urgency_with_urination#0'><i class='icon-left'></i>Examples</button>"
122,urgency_urinary,UTI_spec_symptom,FALSE,"<button type='button' class='btn btn-secondary load' onclick='Shiny.onInputChange(""lastClickId"",this.id);' id='next_examples_for_urgency_urinary#0'><i class='icon-left'></i>Examples</button>"
123,urgent_desire_to_urinate,UTI_spec_symptom,FALSE,"<button type='button' class='btn btn-secondary load' onclick='Shiny.onInputChange(""lastClickId"",this.id);' id='next_examples_for_urgent_desire_to_urinate#0'><i class='icon-left'></i>Examples</button>"
124,urging_to_urinate,UTI_spec_symptom,FALSE,"<button type='button' class='btn btn-secondary load' onclick='Shiny.onInputChange(""lastClickId"",this.id);' id='next_examples_for_urging_to_urinate#0'><i class='icon-left'></i>Examples</button>"
125,urinary_frequency_urgency,UTI_spec_symptom,FALSE,"<button type='button' class='btn btn-secondary load' onclick='Shiny.onInputChange(""lastClickId"",this.id);' id='next_examples_for_urinary_frequency_urgency#0'><i class='icon-left'></i>Examples</button>"
126,urinary_precipitancy,UTI_spec_symptom,FALSE,"<button type='button' class='btn btn-secondary load' onclick='Shiny.onInputChange(""lastClickId"",this.id);' id='next_examples_for_urinary_precipitancy#0'><i class='icon-left'></i>Examples</button>"
127,urination_urgency,UTI_spec_symptom,FALSE,"<button type='button' class='btn btn-secondary load' onclick='Shiny.onInputChange(""lastClickId"",this.id);' id='next_examples_for_urination_urgency#0'><i class='icon-left'></i>Examples</button>"
128,urination_urgent,UTI_spec_symptom,FALSE,"<button type='button' class='btn btn-secondary load' onclick='Shiny.onInputChange(""lastClickId"",this.id);' id='next_examples_for_urination_urgent#0'><i class='icon-left'></i>Examples</button>"
129,feelings_of_sudden_urinary_urgency,UTI_spec_symptom,FALSE,"<button type='button' class='btn btn-secondary load' onclick='Shiny.onInputChange(""lastClickId"",this.id);' id='next_examples_for_feelings_of_sudden_urinary_urgency#0'><i class='icon-left'></i>Examples</button>"
130,feelings_of_urinary_urgency,UTI_spec_symptom,FALSE,"<button type='button' class='btn btn-secondary load' onclick='Shiny.onInputChange(""lastClickId"",this.id);' id='next_examples_for_feelings_of_urinary_urgency#0'><i class='icon-left'></i>Examples</button>"
131,feelings_of_urinary_urgency_sudden,UTI_spec_symptom,FALSE,"<button type='button' class='btn btn-secondary load' onclick='Shiny.onInputChange(""lastClickId"",this.id);' id='next_examples_for_feelings_of_urinary_urgency_sudden#0'><i class='icon-left'></i>Examples</button>"
132,sudden_urinary_urgency,UTI_spec_symptom,FALSE,"<button type='button' class='btn btn-secondary load' onclick='Shiny.onInputChange(""lastClickId"",this.id);' id='next_examples_for_sudden_urinary_urgency#0'><i class='icon-left'></i>Examples</button>"
133,urgent_urination,UTI_spec_symptom,FALSE,"<button type='button' class='btn btn-secondary load' onclick='Shiny.onInputChange(""lastClickId"",this.id);' id='next_examples_for_urgent_urination#0'><i class='icon-left'></i>Examples</button>"
134,abdomen_tenderness_direct_suprapubic,UTI_NON_spec_symptom,FALSE,"<button type='button' class='btn btn-secondary load' onclick='Shiny.onInputChange(""lastClickId"",this.id);' id='next_examples_for_abdomen_tenderness_direct_suprapubic#0'><i class='icon-left'></i>Examples</button>"
135,direct_suprapubic_tenderness,UTI_NON_spec_symptom,FALSE,"<button type='button' class='btn btn-secondary load' onclick='Shiny.onInputChange(""lastClickId"",this.id);' id='next_examples_for_direct_suprapubic_tenderness#0'><i class='icon-left'></i>Examples</button>"
136,direct_tenderness_suprapubic_region,UTI_NON_spec_symptom,FALSE,"<button type='button' class='btn btn-secondary load' onclick='Shiny.onInputChange(""lastClickId"",this.id);' id='next_examples_for_direct_tenderness_suprapubic_region#0'><i class='icon-left'></i>Examples</button>"
137,flank_pain,UTI_NON_spec_symptom,FALSE,"<button type='button' class='btn btn-secondary load' onclick='Shiny.onInputChange(""lastClickId"",this.id);' id='next_examples_for_flank_pain#0'><i class='icon-left'></i>Examples</button>"
138,flank_pains,UTI_NON_spec_symptom,FALSE,"<button type='button' class='btn btn-secondary load' onclick='Shiny.onInputChange(""lastClickId"",this.id);' id='next_examples_for_flank_pains#0'><i class='icon-left'></i>Examples</button>"
139,pain_flank,UTI_NON_spec_symptom,FALSE,"<button type='button' class='btn btn-secondary load' onclick='Shiny.onInputChange(""lastClickId"",this.id);' id='next_examples_for_pain_flank#0'><i class='icon-left'></i>Examples</button>"
140,pain__flank,UTI_NON_spec_symptom,FALSE,"<button type='button' class='btn btn-secondary load' onclick='Shiny.onInputChange(""lastClickId"",this.id);' id='next_examples_for_pain__flank#0'><i class='icon-left'></i>Examples</button>"
141,painflank,UTI_NON_spec_symptom,FALSE,"<button type='button' class='btn btn-secondary load' onclick='Shiny.onInputChange(""lastClickId"",this.id);' id='next_examples_for_painflank#0'><i class='icon-left'></i>Examples</button>"
142,pains__flank,UTI_NON_spec_symptom,FALSE,"<button type='button' class='btn btn-secondary load' onclick='Shiny.onInputChange(""lastClickId"",this.id);' id='next_examples_for_pains__flank#0'><i class='icon-left'></i>Examples</button>"
143,pain_in_flank,UTI_NON_spec_symptom,FALSE,"<button type='button' class='btn btn-secondary load' onclick='Shiny.onInputChange(""lastClickId"",this.id);' id='next_examples_for_pain_in_flank#0'><i class='icon-left'></i>Examples</button>"
144,pain_in_the_flank,UTI_NON_spec_symptom,FALSE,"<button type='button' class='btn btn-secondary load' onclick='Shiny.onInputChange(""lastClickId"",this.id);' id='next_examples_for_pain_in_the_flank#0'><i class='icon-left'></i>Examples</button>"
145,flank_pain__right,UTI_NON_spec_symptom,FALSE,"<button type='button' class='btn btn-secondary load' onclick='Shiny.onInputChange(""lastClickId"",this.id);' id='next_examples_for_flank_pain__right#0'><i class='icon-left'></i>Examples</button>"
146,flank_pains__right,UTI_NON_spec_symptom,FALSE,"<button type='button' class='btn btn-secondary load' onclick='Shiny.onInputChange(""lastClickId"",this.id);' id='next_examples_for_flank_pains__right#0'><i class='icon-left'></i>Examples</button>"
147,pain__right_flank,UTI_NON_spec_symptom,FALSE,"<button type='button' class='btn btn-secondary load' onclick='Shiny.onInputChange(""lastClickId"",this.id);' id='next_examples_for_pain__right_flank#0'><i class='icon-left'></i>Examples</button>"
148,pains__right_flank,UTI_NON_spec_symptom,FALSE,"<button type='button' class='btn btn-secondary load' onclick='Shiny.onInputChange(""lastClickId"",this.id);' id='next_examples_for_pains__right_flank#0'><i class='icon-left'></i>Examples</button>"
149,right_flank_pain,UTI_NON_spec_symptom,FALSE,"<button type='button' class='btn btn-secondary load' onclick='Shiny.onInputChange(""lastClickId"",this.id);' id='next_examples_for_right_flank_pain#0'><i class='icon-left'></i>Examples</button>"
150,right_flank_pains,UTI_NON_spec_symptom,FALSE,"<button type='button' class='btn btn-secondary load' onclick='Shiny.onInputChange(""lastClickId"",this.id);' id='next_examples_for_right_flank_pains#0'><i class='icon-left'></i>Examples</button>"
151,flank_pain_right,UTI_NON_spec_symptom,FALSE,"<button type='button' class='btn btn-secondary load' onclick='Shiny.onInputChange(""lastClickId"",this.id);' id='next_examples_for_flank_pain_right#0'><i class='icon-left'></i>Examples</button>"
152,pain_in_the_flank_right,UTI_NON_spec_symptom,FALSE,"<button type='button' class='btn btn-secondary load' onclick='Shiny.onInputChange(""lastClickId"",this.id);' id='next_examples_for_pain_in_the_flank_right#0'><i class='icon-left'></i>Examples</button>"
153,pain_right_flank,UTI_NON_spec_symptom,FALSE,"<button type='button' class='btn btn-secondary load' onclick='Shiny.onInputChange(""lastClickId"",this.id);' id='next_examples_for_pain_right_flank#0'><i class='icon-left'></i>Examples</button>"
154,flank_pain__left,UTI_NON_spec_symptom,FALSE,"<button type='button' class='btn btn-secondary load' onclick='Shiny.onInputChange(""lastClickId"",this.id);' id='next_examples_for_flank_pain__left#0'><i class='icon-left'></i>Examples</button>"
155,flank_pains__left,UTI_NON_spec_symptom,FALSE,"<button type='button' class='btn btn-secondary load' onclick='Shiny.onInputChange(""lastClickId"",this.id);' id='next_examples_for_flank_pains__left#0'><i class='icon-left'></i>Examples</button>"
156,left_flank_pain,UTI_NON_spec_symptom,FALSE,"<button type='button' class='btn btn-secondary load' onclick='Shiny.onInputChange(""lastClickId"",this.id);' id='next_examples_for_left_flank_pain#0'><i class='icon-left'></i>Examples</button>"
157,left_flank_pains,UTI_NON_spec_symptom,FALSE,"<button type='button' class='btn btn-secondary load' onclick='Shiny.onInputChange(""lastClickId"",this.id);' id='next_examples_for_left_flank_pains#0'><i class='icon-left'></i>Examples</button>"
158,pain__left_flank,UTI_NON_spec_symptom,FALSE,"<button type='button' class='btn btn-secondary load' onclick='Shiny.onInputChange(""lastClickId"",this.id);' id='next_examples_for_pain__left_flank#0'><i class='icon-left'></i>Examples</button>"
159,pains__left_flank,UTI_NON_spec_symptom,FALSE,"<button type='button' class='btn btn-secondary load' onclick='Shiny.onInputChange(""lastClickId"",this.id);' id='next_examples_for_pains__left_flank#0'><i class='icon-left'></i>Examples</button>"
160,flank_left_pain,UTI_NON_spec_symptom,FALSE,"<button type='button' class='btn btn-secondary load' onclick='Shiny.onInputChange(""lastClickId"",this.id);' id='next_examples_for_flank_left_pain#0'><i class='icon-left'></i>Examples</button>"
161,pain_in_the_flank_left,UTI_NON_spec_symptom,FALSE,"<button type='button' class='btn btn-secondary load' onclick='Shiny.onInputChange(""lastClickId"",this.id);' id='next_examples_for_pain_in_the_flank_left#0'><i class='icon-left'></i>Examples</button>"
162,pain_left_flank,UTI_NON_spec_symptom,FALSE,"<button type='button' class='btn btn-secondary load' onclick='Shiny.onInputChange(""lastClickId"",this.id);' id='next_examples_for_pain_left_flank#0'><i class='icon-left'></i>Examples</button>"
163,bilateral_flank_pain,UTI_NON_spec_symptom,FALSE,"<button type='button' class='btn btn-secondary load' onclick='Shiny.onInputChange(""lastClickId"",this.id);' id='next_examples_for_bilateral_flank_pain#0'><i class='icon-left'></i>Examples</button>"
164,pain_in_the_flank_bilateral,UTI_NON_spec_symptom,FALSE,"<button type='button' class='btn btn-secondary load' onclick='Shiny.onInputChange(""lastClickId"",this.id);' id='next_examples_for_pain_in_the_flank_bilateral#0'><i class='icon-left'></i>Examples</button>"
165,lower_back_pain_on_the_right,UTI_NON_spec_symptom,FALSE,"<button type='button' class='btn btn-secondary load' onclick='Shiny.onInputChange(""lastClickId"",this.id);' id='next_examples_for_lower_back_pain_on_the_right#0'><i class='icon-left'></i>Examples</button>"
166,right_lower_back_pain,UTI_NON_spec_symptom,FALSE,"<button type='button' class='btn btn-secondary load' onclick='Shiny.onInputChange(""lastClickId"",this.id);' id='next_examples_for_right_lower_back_pain#0'><i class='icon-left'></i>Examples</button>"
167,right_sided_low_back_pain,UTI_NON_spec_symptom,FALSE,"<button type='button' class='btn btn-secondary load' onclick='Shiny.onInputChange(""lastClickId"",this.id);' id='next_examples_for_right_sided_low_back_pain#0'><i class='icon-left'></i>Examples</button>"
168,left_lower_back_pain,UTI_NON_spec_symptom,FALSE,"<button type='button' class='btn btn-secondary load' onclick='Shiny.onInputChange(""lastClickId"",this.id);' id='next_examples_for_left_lower_back_pain#0'><i class='icon-left'></i>Examples</button>"
169,left_sided_low_back_pain,UTI_NON_spec_symptom,FALSE,"<button type='button' class='btn btn-secondary load' onclick='Shiny.onInputChange(""lastClickId"",this.id);' id='next_examples_for_left_sided_low_back_pain#0'><i class='icon-left'></i>Examples</button>"
170,lower_back_pain_on_the_left,UTI_NON_spec_symptom,FALSE,"<button type='button' class='btn btn-secondary load' onclick='Shiny.onInputChange(""lastClickId"",this.id);' id='next_examples_for_lower_back_pain_on_the_left#0'><i class='icon-left'></i>Examples</button>"
171,back_pain_upper_back,UTI_NON_spec_symptom,FALSE,"<button type='button' class='btn btn-secondary load' onclick='Shiny.onInputChange(""lastClickId"",this.id);' id='next_examples_for_back_pain_upper_back#0'><i class='icon-left'></i>Examples</button>"
172,back_pain__upper,UTI_NON_spec_symptom,FALSE,"<button type='button' class='btn btn-secondary load' onclick='Shiny.onInputChange(""lastClickId"",this.id);' id='next_examples_for_back_pain__upper#0'><i class='icon-left'></i>Examples</button>"
173,upper_back_pain,UTI_NON_spec_symptom,FALSE,"<button type='button' class='btn btn-secondary load' onclick='Shiny.onInputChange(""lastClickId"",this.id);' id='next_examples_for_upper_back_pain#0'><i class='icon-left'></i>Examples</button>"
174,suprapubic_tenderness,UTI_NON_spec_symptom,FALSE,"<button type='button' class='btn btn-secondary load' onclick='Shiny.onInputChange(""lastClickId"",this.id);' id='next_examples_for_suprapubic_tenderness#0'><i class='icon-left'></i>Examples</button>"
175,suprapubic_pain,UTI_NON_spec_symptom,FALSE,"<button type='button' class='btn btn-secondary load' onclick='Shiny.onInputChange(""lastClickId"",this.id);' id='next_examples_for_suprapubic_pain#0'><i class='icon-left'></i>Examples</button>"
176,lower_abdominal_pain,UTI_NON_spec_symptom,FALSE,"<button type='button' class='btn btn-secondary load' onclick='Shiny.onInputChange(""lastClickId"",this.id);' id='next_examples_for_lower_abdominal_pain#0'><i class='icon-left'></i>Examples</button>"
177,bladder_discomfort,UTI_NON_spec_symptom,FALSE,"<button type='button' class='btn btn-secondary load' onclick='Shiny.onInputChange(""lastClickId"",this.id);' id='next_examples_for_bladder_discomfort#0'><i class='icon-left'></i>Examples</button>"
178,pelvic_discomfort,UTI_NON_spec_symptom,FALSE,"<button type='button' class='btn btn-secondary load' onclick='Shiny.onInputChange(""lastClickId"",this.id);' id='next_examples_for_pelvic_discomfort#0'><i class='icon-left'></i>Examples</button>"
179,costovertebral_angle_pain,UTI_NON_spec_symptom,FALSE,"<button type='button' class='btn btn-secondary load' onclick='Shiny.onInputChange(""lastClickId"",this.id);' id='next_examples_for_costovertebral_angle_pain#0'><i class='icon-left'></i>Examples</button>"
180,tenderness_of_the_upper_back,UTI_NON_spec_symptom,FALSE,"<button type='button' class='btn btn-secondary load' onclick='Shiny.onInputChange(""lastClickId"",this.id);' id='next_examples_for_tenderness_of_the_upper_back#0'><i class='icon-left'></i>Examples</button>"
181,pain_of_the_upper_back,UTI_NON_spec_symptom,FALSE,"<button type='button' class='btn btn-secondary load' onclick='Shiny.onInputChange(""lastClickId"",this.id);' id='next_examples_for_pain_of_the_upper_back#0'><i class='icon-left'></i>Examples</button>"
182,side_pain,UTI_NON_spec_symptom,FALSE,"<button type='button' class='btn btn-secondary load' onclick='Shiny.onInputChange(""lastClickId"",this.id);' id='next_examples_for_side_pain#0'><i class='icon-left'></i>Examples</button>"
183,emesis,nausea_vomit,FALSE,"<button type='button' class='btn btn-secondary load' onclick='Shiny.onInputChange(""lastClickId"",this.id);' id='next_examples_for_emesis#0'><i class='icon-left'></i>Examples</button>"
184,feeling_bilious,nausea_vomit,FALSE,"<button type='button' class='btn btn-secondary load' onclick='Shiny.onInputChange(""lastClickId"",this.id);' id='next_examples_for_feeling_bilious#0'><i class='icon-left'></i>Examples</button>"
185,feeling_queasy,nausea_vomit,FALSE,"<button type='button' class='btn btn-secondary load' onclick='Shiny.onInputChange(""lastClickId"",this.id);' id='next_examples_for_feeling_queasy#0'><i class='icon-left'></i>Examples</button>"
186,finding_of_vomiting,nausea_vomit,FALSE,"<button type='button' class='btn btn-secondary load' onclick='Shiny.onInputChange(""lastClickId"",this.id);' id='next_examples_for_finding_of_vomiting#0'><i class='icon-left'></i>Examples</button>"
187,gastric_contents__regurgitation,nausea_vomit,FALSE,"<button type='button' class='btn btn-secondary load' onclick='Shiny.onInputChange(""lastClickId"",this.id);' id='next_examples_for_gastric_contents__regurgitation#0'><i class='icon-left'></i>Examples</button>"
188,nausea,nausea_vomit,FALSE,"<button type='button' class='btn btn-secondary load' onclick='Shiny.onInputChange(""lastClickId"",this.id);' id='next_examples_for_nausea#0'><i class='icon-left'></i>Examples</button>"
189,nausea_nos,nausea_vomit,FALSE,"<button type='button' class='btn btn-secondary load' onclick='Shiny.onInputChange(""lastClickId"",this.id);' id='next_examples_for_nausea_nos#0'><i class='icon-left'></i>Examples</button>"
190,nausea_symptom,nausea_vomit,FALSE,"<button type='button' class='btn btn-secondary load' onclick='Shiny.onInputChange(""lastClickId"",this.id);' id='next_examples_for_nausea_symptom#0'><i class='icon-left'></i>Examples</button>"
191,nausea_symptoms,nausea_vomit,FALSE,"<button type='button' class='btn btn-secondary load' onclick='Shiny.onInputChange(""lastClickId"",this.id);' id='next_examples_for_nausea_symptoms#0'><i class='icon-left'></i>Examples</button>"
192,nauseas,nausea_vomit,FALSE,"<button type='button' class='btn btn-secondary load' onclick='Shiny.onInputChange(""lastClickId"",this.id);' id='next_examples_for_nauseas#0'><i class='icon-left'></i>Examples</button>"
193,nauseated,nausea_vomit,FALSE,"<button type='button' class='btn btn-secondary load' onclick='Shiny.onInputChange(""lastClickId"",this.id);' id='next_examples_for_nauseated#0'><i class='icon-left'></i>Examples</button>"
194,nauseating,nausea_vomit,FALSE,"<button type='button' class='btn btn-secondary load' onclick='Shiny.onInputChange(""lastClickId"",this.id);' id='next_examples_for_nauseating#0'><i class='icon-left'></i>Examples</button>"
195,nauseous,nausea_vomit,FALSE,"<button type='button' class='btn btn-secondary load' onclick='Shiny.onInputChange(""lastClickId"",this.id);' id='next_examples_for_nauseous#0'><i class='icon-left'></i>Examples</button>"
196,observation_of_nausea,nausea_vomit,FALSE,"<button type='button' class='btn btn-secondary load' onclick='Shiny.onInputChange(""lastClickId"",this.id);' id='next_examples_for_observation_of_nausea#0'><i class='icon-left'></i>Examples</button>"
197,observation_of_vomiting,nausea_vomit,FALSE,"<button type='button' class='btn btn-secondary load' onclick='Shiny.onInputChange(""lastClickId"",this.id);' id='next_examples_for_observation_of_vomiting#0'><i class='icon-left'></i>Examples</button>"
198,queasy,nausea_vomit,FALSE,"<button type='button' class='btn btn-secondary load' onclick='Shiny.onInputChange(""lastClickId"",this.id);' id='next_examples_for_queasy#0'><i class='icon-left'></i>Examples</button>"
199,regurgitation__gastric_contents,nausea_vomit,FALSE,"<button type='button' class='btn btn-secondary load' onclick='Shiny.onInputChange(""lastClickId"",this.id);' id='next_examples_for_regurgitation__gastric_contents#0'><i class='icon-left'></i>Examples</button>"
1100,rndx_nausea,nausea_vomit,FALSE,"<button type='button' class='btn btn-secondary load' onclick='Shiny.onInputChange(""lastClickId"",this.id);' id='next_examples_for_rndx_nausea#0'><i class='icon-left'></i>Examples</button>"
1101,symptom_nausea,nausea_vomit,FALSE,"<button type='button' class='btn btn-secondary load' onclick='Shiny.onInputChange(""lastClickId"",this.id);' id='next_examples_for_symptom_nausea#0'><i class='icon-left'></i>Examples</button>"
1102,symptoms_nausea,nausea_vomit,FALSE,"<button type='button' class='btn btn-secondary load' onclick='Shiny.onInputChange(""lastClickId"",this.id);' id='next_examples_for_symptoms_nausea#0'><i class='icon-left'></i>Examples</button>"
1103,symptoms_vomiting,nausea_vomit,FALSE,"<button type='button' class='btn btn-secondary load' onclick='Shiny.onInputChange(""lastClickId"",this.id);' id='next_examples_for_symptoms_vomiting#0'><i class='icon-left'></i>Examples</button>"
1104,throw_up,nausea_vomit,FALSE,"<button type='button' class='btn btn-secondary load' onclick='Shiny.onInputChange(""lastClickId"",this.id);' id='next_examples_for_throw_up#0'><i class='icon-left'></i>Examples</button>"
1105,throwing_up,nausea_vomit,FALSE,"<button type='button' class='btn btn-secondary load' onclick='Shiny.onInputChange(""lastClickId"",this.id);' id='next_examples_for_throwing_up#0'><i class='icon-left'></i>Examples</button>"
1106,vomit,nausea_vomit,FALSE,"<button type='button' class='btn btn-secondary load' onclick='Shiny.onInputChange(""lastClickId"",this.id);' id='next_examples_for_vomit#0'><i class='icon-left'></i>Examples</button>"
1107,vomited,nausea_vomit,FALSE,"<button type='button' class='btn btn-secondary load' onclick='Shiny.onInputChange(""lastClickId"",this.id);' id='next_examples_for_vomited#0'><i class='icon-left'></i>Examples</button>"
1108,vomiting,nausea_vomit,FALSE,"<button type='button' class='btn btn-secondary load' onclick='Shiny.onInputChange(""lastClickId"",this.id);' id='next_examples_for_vomiting#0'><i class='icon-left'></i>Examples</button>"
1109,vomiting__nos,nausea_vomit,FALSE,"<button type='button' class='btn btn-secondary load' onclick='Shiny.onInputChange(""lastClickId"",this.id);' id='next_examples_for_vomiting__nos#0'><i class='icon-left'></i>Examples</button>"
1110,vomiting__unspecified,nausea_vomit,FALSE,"<button type='button' class='btn btn-secondary load' onclick='Shiny.onInputChange(""lastClickId"",this.id);' id='next_examples_for_vomiting__unspecified#0'><i class='icon-left'></i>Examples</button>"
1111,vomiting_disorder,nausea_vomit,FALSE,"<button type='button' class='btn btn-secondary load' onclick='Shiny.onInputChange(""lastClickId"",this.id);' id='next_examples_for_vomiting_disorder#0'><i class='icon-left'></i>Examples</button>"
1112,vomiting_nos,nausea_vomit,FALSE,"<button type='button' class='btn btn-secondary load' onclick='Shiny.onInputChange(""lastClickId"",this.id);' id='next_examples_for_vomiting_nos#0'><i class='icon-left'></i>Examples</button>"
1113,vomiting_symptom,nausea_vomit,FALSE,"<button type='button' class='btn btn-secondary load' onclick='Shiny.onInputChange(""lastClickId"",this.id);' id='next_examples_for_vomiting_symptom#0'><i class='icon-left'></i>Examples</button>"
1114,vomiting_symptoms,nausea_vomit,FALSE,"<button type='button' class='btn btn-secondary load' onclick='Shiny.onInputChange(""lastClickId"",this.id);' id='next_examples_for_vomiting_symptoms#0'><i class='icon-left'></i>Examples</button>"
1115,vomiting_was_observed,nausea_vomit,FALSE,"<button type='button' class='btn btn-secondary load' onclick='Shiny.onInputChange(""lastClickId"",this.id);' id='next_examples_for_vomiting_was_observed#0'><i class='icon-left'></i>Examples</button>"
1116,vomits,nausea_vomit,FALSE,"<button type='button' class='btn btn-secondary load' onclick='Shiny.onInputChange(""lastClickId"",this.id);' id='next_examples_for_vomits#0'><i class='icon-left'></i>Examples</button>"
1117,hyperthermia__fever,fever,FALSE,"<button type='button' class='btn btn-secondary load' onclick='Shiny.onInputChange(""lastClickId"",this.id);' id='next_examples_for_hyperthermia__fever#0'><i class='icon-left'></i>Examples</button>"
1118,body_temperature_increased,fever,FALSE,"<button type='button' class='btn btn-secondary load' onclick='Shiny.onInputChange(""lastClickId"",this.id);' id='next_examples_for_body_temperature_increased#0'><i class='icon-left'></i>Examples</button>"
1119,body_temperature_above_normal,fever,FALSE,"<button type='button' class='btn btn-secondary load' onclick='Shiny.onInputChange(""lastClickId"",this.id);' id='next_examples_for_body_temperature_above_normal#0'><i class='icon-left'></i>Examples</button>"
1120,body_temperature_above_reference_range,fever,FALSE,"<button type='button' class='btn btn-secondary load' onclick='Shiny.onInputChange(""lastClickId"",this.id);' id='next_examples_for_body_temperature_above_reference_range#0'><i class='icon-left'></i>Examples</button>"
1121,elevated_core_body_temperature,fever,FALSE,"<button type='button' class='btn btn-secondary load' onclick='Shiny.onInputChange(""lastClickId"",this.id);' id='next_examples_for_elevated_core_body_temperature#0'><i class='icon-left'></i>Examples</button>"
1122,elevated_temperature,fever,FALSE,"<button type='button' class='btn btn-secondary load' onclick='Shiny.onInputChange(""lastClickId"",this.id);' id='next_examples_for_elevated_temperature#0'><i class='icon-left'></i>Examples</button>"
1123,febrile,fever,FALSE,"<button type='button' class='btn btn-secondary load' onclick='Shiny.onInputChange(""lastClickId"",this.id);' id='next_examples_for_febrile#0'><i class='icon-left'></i>Examples</button>"
1124,febris,fever,FALSE,"<button type='button' class='btn btn-secondary load' onclick='Shiny.onInputChange(""lastClickId"",this.id);' id='next_examples_for_febris#0'><i class='icon-left'></i>Examples</button>"
1125,fever,fever,FALSE,"<button type='button' class='btn btn-secondary load' onclick='Shiny.onInputChange(""lastClickId"",this.id);' id='next_examples_for_fever#0'><i class='icon-left'></i>Examples</button>"
1126,fever__unspecified,fever,FALSE,"<button type='button' class='btn btn-secondary load' onclick='Shiny.onInputChange(""lastClickId"",this.id);' id='next_examples_for_fever__unspecified#0'><i class='icon-left'></i>Examples</button>"
1127,fever_nos,fever,FALSE,"<button type='button' class='btn btn-secondary load' onclick='Shiny.onInputChange(""lastClickId"",this.id);' id='next_examples_for_fever_nos#0'><i class='icon-left'></i>Examples</button>"
1128,fevered,fever,FALSE,"<button type='button' class='btn btn-secondary load' onclick='Shiny.onInputChange(""lastClickId"",this.id);' id='next_examples_for_fevered#0'><i class='icon-left'></i>Examples</button>"
1129,feverish,fever,FALSE,"<button type='button' class='btn btn-secondary load' onclick='Shiny.onInputChange(""lastClickId"",this.id);' id='next_examples_for_feverish#0'><i class='icon-left'></i>Examples</button>"
1130,fevers,fever,FALSE,"<button type='button' class='btn btn-secondary load' onclick='Shiny.onInputChange(""lastClickId"",this.id);' id='next_examples_for_fevers#0'><i class='icon-left'></i>Examples</button>"
1131,has_a_temperature,fever,FALSE,"<button type='button' class='btn btn-secondary load' onclick='Shiny.onInputChange(""lastClickId"",this.id);' id='next_examples_for_has_a_temperature#0'><i class='icon-left'></i>Examples</button>"
1132,high__temperature,fever,FALSE,"<button type='button' class='btn btn-secondary load' onclick='Shiny.onInputChange(""lastClickId"",this.id);' id='next_examples_for_high__temperature#0'><i class='icon-left'></i>Examples</button>"
1133,high_body_temperature,fever,FALSE,"<button type='button' class='btn btn-secondary load' onclick='Shiny.onInputChange(""lastClickId"",this.id);' id='next_examples_for_high_body_temperature#0'><i class='icon-left'></i>Examples</button>"
1134,high_temperature,fever,FALSE,"<button type='button' class='btn btn-secondary load' onclick='Shiny.onInputChange(""lastClickId"",this.id);' id='next_examples_for_high_temperature#0'><i class='icon-left'></i>Examples</button>"
1135,hyperthermia,fever,FALSE,"<button type='button' class='btn btn-secondary load' onclick='Shiny.onInputChange(""lastClickId"",this.id);' id='next_examples_for_hyperthermia#0'><i class='icon-left'></i>Examples</button>"
1136,hyperthermias,fever,FALSE,"<button type='button' class='btn btn-secondary load' onclick='Shiny.onInputChange(""lastClickId"",this.id);' id='next_examples_for_hyperthermias#0'><i class='icon-left'></i>Examples</button>"
1137,hyperthermic,fever,FALSE,"<button type='button' class='btn btn-secondary load' onclick='Shiny.onInputChange(""lastClickId"",this.id);' id='next_examples_for_hyperthermic#0'><i class='icon-left'></i>Examples</button>"
1138,increase_in_body_temperature,fever,FALSE,"<button type='button' class='btn btn-secondary load' onclick='Shiny.onInputChange(""lastClickId"",this.id);' id='next_examples_for_increase_in_body_temperature#0'><i class='icon-left'></i>Examples</button>"
1139,increase_temperature,fever,FALSE,"<button type='button' class='btn btn-secondary load' onclick='Shiny.onInputChange(""lastClickId"",this.id);' id='next_examples_for_increase_temperature#0'><i class='icon-left'></i>Examples</button>"
1140,increased__body_temperature,fever,FALSE,"<button type='button' class='btn btn-secondary load' onclick='Shiny.onInputChange(""lastClickId"",this.id);' id='next_examples_for_increased__body_temperature#0'><i class='icon-left'></i>Examples</button>"
1141,increases_temperature,fever,FALSE,"<button type='button' class='btn btn-secondary load' onclick='Shiny.onInputChange(""lastClickId"",this.id);' id='next_examples_for_increases_temperature#0'><i class='icon-left'></i>Examples</button>"
1142,pyrexia,fever,FALSE,"<button type='button' class='btn btn-secondary load' onclick='Shiny.onInputChange(""lastClickId"",this.id);' id='next_examples_for_pyrexia#0'><i class='icon-left'></i>Examples</button>"
1143,pyrexial,fever,FALSE,"<button type='button' class='btn btn-secondary load' onclick='Shiny.onInputChange(""lastClickId"",this.id);' id='next_examples_for_pyrexial#0'><i class='icon-left'></i>Examples</button>"
1144,pyrexias,fever,FALSE,"<button type='button' class='btn btn-secondary load' onclick='Shiny.onInputChange(""lastClickId"",this.id);' id='next_examples_for_pyrexias#0'><i class='icon-left'></i>Examples</button>"
1145,raised_temperature,fever,FALSE,"<button type='button' class='btn btn-secondary load' onclick='Shiny.onInputChange(""lastClickId"",this.id);' id='next_examples_for_raised_temperature#0'><i class='icon-left'></i>Examples</button>"
1146,temperature__high,fever,FALSE,"<button type='button' class='btn btn-secondary load' onclick='Shiny.onInputChange(""lastClickId"",this.id);' id='next_examples_for_temperature__high#0'><i class='icon-left'></i>Examples</button>"
1147,temperature_elevated,fever,FALSE,"<button type='button' class='btn btn-secondary load' onclick='Shiny.onInputChange(""lastClickId"",this.id);' id='next_examples_for_temperature_elevated#0'><i class='icon-left'></i>Examples</button>"
1148,temperature_elevation,fever,FALSE,"<button type='button' class='btn btn-secondary load' onclick='Shiny.onInputChange(""lastClickId"",this.id);' id='next_examples_for_temperature_elevation#0'><i class='icon-left'></i>Examples</button>"
1149,temperature_high,fever,FALSE,"<button type='button' class='btn btn-secondary load' onclick='Shiny.onInputChange(""lastClickId"",this.id);' id='next_examples_for_temperature_high#0'><i class='icon-left'></i>Examples</button>"
1150,temperature_increase,fever,FALSE,"<button type='button' class='btn btn-secondary load' onclick='Shiny.onInputChange(""lastClickId"",this.id);' id='next_examples_for_temperature_increase#0'><i class='icon-left'></i>Examples</button>"
1151,temperature_raised,fever,FALSE,"<button type='button' class='btn btn-secondary load' onclick='Shiny.onInputChange(""lastClickId"",this.id);' id='next_examples_for_temperature_raised#0'><i class='icon-left'></i>Examples</button>"
